INSERT INTO PUBLIC.ADDRESS (ADDRESS_ID, COUNTRY, CITY, STREET, HOUSE_NUMBER, LOCAL_NUMBER, POSTAL_CODE)
VALUES (1, 'polska', 'bialystok', 'kreta', '70', '18', '15-369');
INSERT INTO PUBLIC.ADDRESS (ADDRESS_ID, COUNTRY, CITY, STREET, HOUSE_NUMBER, LOCAL_NUMBER, POSTAL_CODE)
VALUES (2, 'polska', 'bialystok', 'wiejska', '45a', '205', '15-351');
INSERT INTO PUBLIC.ADDRESS (ADDRESS_ID, COUNTRY, CITY, STREET, HOUSE_NUMBER, LOCAL_NUMBER, POSTAL_CODE)
VALUES (3, 'polska', 'bialystok', 'wiejska', '45c', '312', '15-351');
INSERT INTO PUBLIC.ADDRESS (ADDRESS_ID, COUNTRY, CITY, STREET, HOUSE_NUMBER, LOCAL_NUMBER, POSTAL_CODE)
VALUES (4, 'polska', 'bialystok', 'milosza', '2', null, '15-265');
INSERT INTO PUBLIC.ADDRESS (ADDRESS_ID, COUNTRY, CITY, STREET, HOUSE_NUMBER, LOCAL_NUMBER, POSTAL_CODE)
VALUES (5, 'polska', 'bialystok', 'drewniana', '11', '6', '15-265');
INSERT INTO PUBLIC.ADDRESS (ADDRESS_ID, COUNTRY, CITY, STREET, HOUSE_NUMBER, LOCAL_NUMBER, POSTAL_CODE)
VALUES (6, 'polska', 'bialystok', 'nowowarszawska', '1a', null, '15-205');
INSERT INTO PUBLIC.ADDRESS (ADDRESS_ID, COUNTRY, CITY, STREET, HOUSE_NUMBER, LOCAL_NUMBER, POSTAL_CODE)
VALUES (7, 'polska', 'bialystok', 'zwierzyniecka', '13a', null, '15-312');
INSERT INTO PUBLIC.ADDRESS (ADDRESS_ID, COUNTRY, CITY, STREET, HOUSE_NUMBER, LOCAL_NUMBER, POSTAL_CODE)
VALUES (8, 'polska', 'bialystok', 'zwierzyniecka', '16', null, '15-333');


INSERT INTO PUBLIC.COMPANY (COMPANY_ID, COMPANYNIP, COMPANY_NAME, ADDRESS_ID)
VALUES (1, '5368305379', 'Kreta Software House', 1);
INSERT INTO PUBLIC.COMPANY (COMPANY_ID, COMPANYNIP, COMPANY_NAME, ADDRESS_ID)
VALUES (2, '5835739734', 'Sklep spozywczy Zak', 7);
INSERT INTO PUBLIC.COMPANY (COMPANY_ID, COMPANYNIP, COMPANY_NAME, ADDRESS_ID)
VALUES (3, '3986037693', 'Wydzial Mechaniczny PB', 3);
INSERT INTO PUBLIC.COMPANY (COMPANY_ID, COMPANYNIP, COMPANY_NAME, ADDRESS_ID)
VALUES (4, '3950358394', 'Wydzial Informatyki PB', 2);
INSERT INTO PUBLIC.COMPANY (COMPANY_ID, COMPANYNIP, COMPANY_NAME, ADDRESS_ID)
VALUES (5, '5368305379', 'Sklep spozywczy Zabka', 5);
INSERT INTO PUBLIC.COMPANY (COMPANY_ID, COMPANYNIP, COMPANY_NAME, ADDRESS_ID)
VALUES (6, '4759397933', 'Atrium Biala', 4);
INSERT INTO PUBLIC.COMPANY (COMPANY_ID, COMPANYNIP, COMPANY_NAME, ADDRESS_ID)
VALUES (7, '5839739679', 'CNK PB', 8);
INSERT INTO PUBLIC.COMPANY (COMPANY_ID, COMPANYNIP, COMPANY_NAME, ADDRESS_ID)
VALUES (8, '8395739836', 'Sklep Ala Capone', 6);


INSERT INTO PUBLIC.USER (USER_ID, EMAIL, LOGIN, PASSWORD, PERMISSION_LEVEL)
VALUES (1, 'admin@pb.edu.pl', 'admin', 'admin', 2);
INSERT INTO PUBLIC.USER (USER_ID, EMAIL, LOGIN, PASSWORD, PERMISSION_LEVEL)
VALUES (2, 'michal@pb.edu.pl', 'konq', 'polibuda', 1);
INSERT INTO PUBLIC.USER (USER_ID, EMAIL, LOGIN, PASSWORD, PERMISSION_LEVEL)
VALUES (3, 'marcin@pb.edu.pl', 'mocher', 'szproty_obserwuja_moje_skoki', 1);
INSERT INTO PUBLIC.USER (USER_ID, EMAIL, LOGIN, PASSWORD, PERMISSION_LEVEL)
VALUES (4, 'rektor@pb.edu.pl', 'rektor', 'pb2115', 0);


INSERT INTO PUBLIC.LOCATION (LOCATION_ID, LOCATION_NAME)
VALUES (1, 'Polka 1A - zywnosc ogolna');
INSERT INTO PUBLIC.LOCATION (LOCATION_ID, LOCATION_NAME)
VALUES (2, 'Polka 1B - zywnosc sypka');
INSERT INTO PUBLIC.LOCATION (LOCATION_ID, LOCATION_NAME)
VALUES (3, 'Polka 2A - plyny spozywcze');
INSERT INTO PUBLIC.LOCATION (LOCATION_ID, LOCATION_NAME)
VALUES (4, 'Polka 2B - artykuly niespozywcze');


INSERT INTO PUBLIC.DEAL (DEAL_ID, DOCUMENT_NAME, PURCHASE_DATE, PURCHASE_VALUE, COMPANY_ID, USER_ID)
VALUES (1, 'Paragon nr 5', '2022-01-24', 22.95, 5, 2);
INSERT INTO PUBLIC.DEAL (DEAL_ID, DOCUMENT_NAME, PURCHASE_DATE, PURCHASE_VALUE, COMPANY_ID, USER_ID)
VALUES (2, 'Paragon nr 18', '2022-01-24', 10.53, 2, 2);
INSERT INTO PUBLIC.DEAL (DEAL_ID, DOCUMENT_NAME, PURCHASE_DATE, PURCHASE_VALUE, COMPANY_ID, USER_ID)
VALUES (3, 'Paragon nr 83', '2022-01-24', 103.50, 6, 4);
INSERT INTO PUBLIC.DEAL (DEAL_ID, DOCUMENT_NAME, PURCHASE_DATE, PURCHASE_VALUE, COMPANY_ID, USER_ID)
VALUES (4, 'Paragon nr 19', '2022-01-24', 75.39, 8, 2);
INSERT INTO PUBLIC.DEAL (DEAL_ID, DOCUMENT_NAME, PURCHASE_DATE, PURCHASE_VALUE, COMPANY_ID, USER_ID)
VALUES (5, 'FVAT-483/21', '2021-11-06', 7500, 1, 3);
INSERT INTO PUBLIC.DEAL (DEAL_ID, DOCUMENT_NAME, PURCHASE_DATE, PURCHASE_VALUE, COMPANY_ID, USER_ID)
VALUES (6, 'Paragon nr 2', '2022-01-24', 38.99, 8, 2);
INSERT INTO PUBLIC.DEAL (DEAL_ID, DOCUMENT_NAME, PURCHASE_DATE, PURCHASE_VALUE, COMPANY_ID, USER_ID)
VALUES (7, 'FVAT-250/22', '2022-03-15', 12700, 3, 4);


INSERT INTO PUBLIC.FOOD_PRODUCT_BLUEPRINT (FOOD_PRODUCT_BLUEPRINT_ID, NAME, MANUFACTURER, DESCRIPTION, MEASURED_VALUE, KCAL_PER100, CARBOHYDRATES, PROTEIN, FAT, IMG_PATH, MODIFICATION_DATE)
VALUES (1, 'Coca-Cola Original 0,5L PET', 'Coca-Cola HBC', 'Napój o smaku cola, w butelce PET 0,5L', 500, 42, 106, 0, 0, null, null);
INSERT INTO PUBLIC.FOOD_PRODUCT_BLUEPRINT (FOOD_PRODUCT_BLUEPRINT_ID, NAME, MANUFACTURER, DESCRIPTION, MEASURED_VALUE, KCAL_PER100, CARBOHYDRATES, PROTEIN, FAT, IMG_PATH, MODIFICATION_DATE)
VALUES (2, 'Coca-Cola Original 0,33L', 'Coca-Cola HBC', 'Napój o smaku cola, w puszce 0,33L', 330, 42, 106, 0, 0, null, null);
INSERT INTO PUBLIC.FOOD_PRODUCT_BLUEPRINT (FOOD_PRODUCT_BLUEPRINT_ID, NAME, MANUFACTURER, DESCRIPTION, MEASURED_VALUE, KCAL_PER100, CARBOHYDRATES, PROTEIN, FAT, IMG_PATH, MODIFICATION_DATE)
VALUES (3, 'Parówki Berlinki 250g', 'Morliny', 'Kiełbaski o smaku parówek', 250, 252, 27, 130, 0, null, null);
INSERT INTO PUBLIC.FOOD_PRODUCT_BLUEPRINT (FOOD_PRODUCT_BLUEPRINT_ID, NAME, MANUFACTURER, DESCRIPTION, MEASURED_VALUE, KCAL_PER100, CARBOHYDRATES, PROTEIN, FAT, IMG_PATH, MODIFICATION_DATE)
VALUES (4, 'Cukier Drobny 1kg', 'Diamant', 'Cukier biały Diamant do słodzenia', 1000, 400, 1000, 0, 0, null, null);
INSERT INTO PUBLIC.FOOD_PRODUCT_BLUEPRINT (FOOD_PRODUCT_BLUEPRINT_ID, NAME, MANUFACTURER, DESCRIPTION, MEASURED_VALUE, KCAL_PER100, CARBOHYDRATES, PROTEIN, FAT, IMG_PATH, MODIFICATION_DATE)
VALUES (5, 'Gellwe Galaretka smak wiśniowy 75 g', 'Gellwe', 'Galaretka firmy Gwelle o smaku wiśniowym', 75, 70, 108, 21, 0, null, null);
INSERT INTO PUBLIC.FOOD_PRODUCT_BLUEPRINT (FOOD_PRODUCT_BLUEPRINT_ID, NAME, MANUFACTURER, DESCRIPTION, MEASURED_VALUE, KCAL_PER100, CARBOHYDRATES, PROTEIN, FAT, IMG_PATH, MODIFICATION_DATE)
VALUES (6, 'Hortex Napój Jabłko Mięta ogrodowa 1 l', 'Hortex', 'Napój firmy Hortex o smaku jabłkowym', 1000, 36, 90, 0, 0, null, null);
INSERT INTO PUBLIC.FOOD_PRODUCT_BLUEPRINT (FOOD_PRODUCT_BLUEPRINT_ID, NAME, MANUFACTURER, DESCRIPTION, MEASURED_VALUE, KCAL_PER100, CARBOHYDRATES, PROTEIN, FAT, IMG_PATH, MODIFICATION_DATE)
VALUES (7, 'Puchatek Napój kakaowy instant 150 g', 'Puchatek', 'Napój kakaowy firmy Puchatek', 150, 373, 830, 37, 17, null, null);
INSERT INTO PUBLIC.FOOD_PRODUCT_BLUEPRINT (FOOD_PRODUCT_BLUEPRINT_ID, NAME, MANUFACTURER, DESCRIPTION, MEASURED_VALUE, KCAL_PER100, CARBOHYDRATES, PROTEIN, FAT, IMG_PATH, MODIFICATION_DATE)
VALUES (8, 'Kotlin Ketchup Pikantny 450 G', 'Kotlin', 'Kotlin Ketchup pikantny 450 g z buraków uprawianych w Polsce', 450, 99, 220, 13, 5, null, null);
INSERT INTO PUBLIC.FOOD_PRODUCT_BLUEPRINT (FOOD_PRODUCT_BLUEPRINT_ID, NAME, MANUFACTURER, DESCRIPTION, MEASURED_VALUE, KCAL_PER100, CARBOHYDRATES, PROTEIN, FAT, IMG_PATH, MODIFICATION_DATE)
VALUES (9, 'Lays Fromage 140g', 'Lays', 'Lays Chipsy ziemniaczane o smaku śmietankowego serka z ziołami 140 g', 140, 527, 520, 62, 320, null, null);
INSERT INTO PUBLIC.FOOD_PRODUCT_BLUEPRINT (FOOD_PRODUCT_BLUEPRINT_ID, NAME, MANUFACTURER, DESCRIPTION, MEASURED_VALUE, KCAL_PER100, CARBOHYDRATES, PROTEIN, FAT, IMG_PATH, MODIFICATION_DATE)
VALUES (10, 'Milka Czekolada Oreo 100g', 'Milka', 'Czekolada o smaku Oreo', 100, 560, 550, 55, 350, null, null);
INSERT INTO PUBLIC.FOOD_PRODUCT_BLUEPRINT (FOOD_PRODUCT_BLUEPRINT_ID, NAME, MANUFACTURER, DESCRIPTION, MEASURED_VALUE, KCAL_PER100, CARBOHYDRATES, PROTEIN, FAT, IMG_PATH, MODIFICATION_DATE)
VALUES (11, 'Nimm 2 Żelki Owocowe 100g', 'Nimm 2', 'Nimm2 Śmiejżelki - żelki owocowe wzbogacone witaminami oraz sokiem owocowym 100 g', 100, 330, 748, 62, 2, null, null);
INSERT INTO PUBLIC.FOOD_PRODUCT_BLUEPRINT (FOOD_PRODUCT_BLUEPRINT_ID, NAME, MANUFACTURER, DESCRIPTION, MEASURED_VALUE, KCAL_PER100, CARBOHYDRATES, PROTEIN, FAT, IMG_PATH, MODIFICATION_DATE)
VALUES (12, 'Lubella Makaron Kolanka ozdobne 500 g', 'Lubella', 'Lubella Creste di Gallo Makaron Kolanka ozdobne 500 g', 500, 190, 380, 66, 7, null, null);
INSERT INTO PUBLIC.FOOD_PRODUCT_BLUEPRINT (FOOD_PRODUCT_BLUEPRINT_ID, NAME, MANUFACTURER, DESCRIPTION, MEASURED_VALUE, KCAL_PER100, CARBOHYDRATES, PROTEIN, FAT, IMG_PATH, MODIFICATION_DATE)
VALUES (13, 'Kupiec Ryż basmati 400 g', 'Kupiec', 'Kupiec Ryż basmati 400 g (4 torebki)', 400, 344, 780, 65, 6, null, null);
INSERT INTO PUBLIC.FOOD_PRODUCT_BLUEPRINT (FOOD_PRODUCT_BLUEPRINT_ID, NAME, MANUFACTURER, DESCRIPTION, MEASURED_VALUE, KCAL_PER100, CARBOHYDRATES, PROTEIN, FAT, IMG_PATH, MODIFICATION_DATE)
VALUES (14, 'Dr Oetker Guseppe Pizza z szynką i sosem czosnkowym 440 g', 'Dr Oetker', 'Mrożona pizza firmy Dr Oetker z szynką)', 440, 230, 257, 76, 105, null, null);
INSERT INTO PUBLIC.FOOD_PRODUCT_BLUEPRINT (FOOD_PRODUCT_BLUEPRINT_ID, NAME, MANUFACTURER, DESCRIPTION, MEASURED_VALUE, KCAL_PER100, CARBOHYDRATES, PROTEIN, FAT, IMG_PATH, MODIFICATION_DATE)
VALUES (15, 'Aviko Frytki Chrupiące Karbowane 450g', 'Avico', 'Mrożone frytki firmy Avico', 450, 135, 225, 25, 35, null, null);


INSERT INTO PUBLIC.FOOD_PRODUCT (FOOD_PRODUCT_ID, FOOD_PRODUCT_BLUEPRINT_ID, QUANTITY, USE_BY_DATE, DEAL_ID, LOCATION_ID)
VALUES (1, 11, 10, '2024-05-11', 2, 1);
INSERT INTO PUBLIC.FOOD_PRODUCT (FOOD_PRODUCT_ID, FOOD_PRODUCT_BLUEPRINT_ID, QUANTITY, USE_BY_DATE, DEAL_ID, LOCATION_ID)
VALUES (2, 3, 5, '2022-11-14', 3, 1);
INSERT INTO PUBLIC.FOOD_PRODUCT (FOOD_PRODUCT_ID, FOOD_PRODUCT_BLUEPRINT_ID, QUANTITY, USE_BY_DATE, DEAL_ID, LOCATION_ID)
VALUES (3, 2, 25, '2024-02-07', 6, 3);
INSERT INTO PUBLIC.FOOD_PRODUCT (FOOD_PRODUCT_ID, FOOD_PRODUCT_BLUEPRINT_ID, QUANTITY, USE_BY_DATE, DEAL_ID, LOCATION_ID)
VALUES (4, 1, 9, '2023-12-23', 6, 3);
INSERT INTO PUBLIC.FOOD_PRODUCT (FOOD_PRODUCT_ID, FOOD_PRODUCT_BLUEPRINT_ID, QUANTITY, USE_BY_DATE, DEAL_ID, LOCATION_ID)
VALUES (5, 4, 300, '2028-02-01', 5, 2);
INSERT INTO PUBLIC.FOOD_PRODUCT (FOOD_PRODUCT_ID, FOOD_PRODUCT_BLUEPRINT_ID, QUANTITY, USE_BY_DATE, DEAL_ID, LOCATION_ID)
VALUES (6, 2, 4, '2024-02-07', 4, 3);


INSERT INTO PUBLIC.PRODUCT_BLUEPRINT (PRODUCT_BLUEPRINT_ID, PRODUCT_BLUEPRINT_NAME, DESCRIPTION, MANUFACTURER, IMG_PATH, MODIFICATION_DATE)
VALUES (1, 'Domestos 1L', 'Plyn do toalet', 'PB S.A.', null, null);
INSERT INTO PUBLIC.PRODUCT_BLUEPRINT (PRODUCT_BLUEPRINT_ID, PRODUCT_BLUEPRINT_NAME, DESCRIPTION, MANUFACTURER, IMG_PATH, MODIFICATION_DATE)
VALUES (2, 'MrProper Płyn Uniwersalny 5L', 'Mr. Proper Professional Ocean Uniwersalny płyn do czyszczenia 5 l', 'MrProper', null, null);
INSERT INTO PUBLIC.PRODUCT_BLUEPRINT (PRODUCT_BLUEPRINT_ID, PRODUCT_BLUEPRINT_NAME, DESCRIPTION, MANUFACTURER, IMG_PATH, MODIFICATION_DATE)
VALUES (3, 'Vanish Płyn Do Dywanów 3w1 500ml', 'Nowy vanish szampon do prania ręcznego. 5x lepiej usuwa brud', 'Vanish', null, null);
INSERT INTO PUBLIC.PRODUCT_BLUEPRINT (PRODUCT_BLUEPRINT_ID, PRODUCT_BLUEPRINT_NAME, DESCRIPTION, MANUFACTURER, IMG_PATH, MODIFICATION_DATE)
VALUES (4, 'Pledge Spray Classic Do Mebli 250g', 'Uniwersalny aerozol do czyszczenia wszystkich rodzajów powierzchni: drewna, szkła, elementów laminowanych, metalowych i innych', 'Pledge', null, null);
INSERT INTO PUBLIC.PRODUCT_BLUEPRINT (PRODUCT_BLUEPRINT_ID, PRODUCT_BLUEPRINT_NAME, DESCRIPTION, MANUFACTURER, IMG_PATH, MODIFICATION_DATE)
VALUES (5, 'Cillit Bang Tłuszcz i smugi Spray 750ml', 'Środek czystości do usuwania tłuszczu i smug', 'Cillit Bang', null, null);
INSERT INTO PUBLIC.PRODUCT_BLUEPRINT (PRODUCT_BLUEPRINT_ID, PRODUCT_BLUEPRINT_NAME, DESCRIPTION, MANUFACTURER, IMG_PATH, MODIFICATION_DATE)
VALUES (6, 'Mola Papier Toaletowy Family Zielony 8 rolek', 'Pachnący papier toaletowy dla całej rodziny', 'Mola', null, null);
INSERT INTO PUBLIC.PRODUCT_BLUEPRINT (PRODUCT_BLUEPRINT_ID, PRODUCT_BLUEPRINT_NAME, DESCRIPTION, MANUFACTURER, IMG_PATH, MODIFICATION_DATE)
VALUES (7, 'Foxy Asso Ręcznik kuchenny 2 rolki', 'Ręcznik papierowy do usuwania brudu', 'Foxy', null, null);
INSERT INTO PUBLIC.PRODUCT_BLUEPRINT (PRODUCT_BLUEPRINT_ID, PRODUCT_BLUEPRINT_NAME, DESCRIPTION, MANUFACTURER, IMG_PATH, MODIFICATION_DATE)
VALUES (8, 'Glade Odświezacz Aerozol konwalia 300ml', 'Odświeżacz powietrza w aerozolu Glade o zapachu konwalii, szybko wypełnia pomieszczenie świeżością i eliminuje nieprzyjemne zapachy.', 'Glade', null, null);
INSERT INTO PUBLIC.PRODUCT_BLUEPRINT (PRODUCT_BLUEPRINT_ID, PRODUCT_BLUEPRINT_NAME, DESCRIPTION, MANUFACTURER, IMG_PATH, MODIFICATION_DATE)
VALUES (9, 'Regina Papier Toaletowy Rumiankowy 3w8 Rolek', '3 warstwowy papier toaletowy Regina', 'Regina', null, null);
INSERT INTO PUBLIC.PRODUCT_BLUEPRINT (PRODUCT_BLUEPRINT_ID, PRODUCT_BLUEPRINT_NAME, DESCRIPTION, MANUFACTURER, IMG_PATH, MODIFICATION_DATE)
VALUES (10, 'Velvet Delikatnie Biały Papier toaletowy 8 rolek', 'Papier toaletowy Velvet Delikatnie Bialy XXL', 'Velvet', null, null);
INSERT INTO PUBLIC.PRODUCT_BLUEPRINT (PRODUCT_BLUEPRINT_ID, PRODUCT_BLUEPRINT_NAME, DESCRIPTION, MANUFACTURER, IMG_PATH, MODIFICATION_DATE)
VALUES (11, 'Cif Płyn Do Czyszczenia Power Do Łazienki Spray 750ml', 'Cif spray Przeciw Kamieniowi skutecznie usuwa kamień oraz inne uporczywe zabrudzenia w łazience, dbając o czyszczone powierzchnie.', 'Cif', null, null);
INSERT INTO PUBLIC.PRODUCT_BLUEPRINT (PRODUCT_BLUEPRINT_ID, PRODUCT_BLUEPRINT_NAME, DESCRIPTION, MANUFACTURER, IMG_PATH, MODIFICATION_DATE)
VALUES (12, 'Clin Płyn Do Szyb Windows Citrus 500ml', 'Płyn do mycia szyb z pompką', 'Clin', null, null);
INSERT INTO PUBLIC.PRODUCT_BLUEPRINT (PRODUCT_BLUEPRINT_ID, PRODUCT_BLUEPRINT_NAME, DESCRIPTION, MANUFACTURER, IMG_PATH, MODIFICATION_DATE)
VALUES (13, 'Ajax Płyn Uniwersalny Active Force 1L', 'Płyn Uniwersalny do podłóg Ajax', 'Ajax', null, null);
INSERT INTO PUBLIC.PRODUCT_BLUEPRINT (PRODUCT_BLUEPRINT_ID, PRODUCT_BLUEPRINT_NAME, DESCRIPTION, MANUFACTURER, IMG_PATH, MODIFICATION_DATE)
VALUES (14, 'Ariel Kapsułki Do Prania Color 26 sztuk', '1. Czyści 2. Usuwa plamy 3. Odświeża 4. Nadaje blask 5. Skuteczny już w temperaturze 30°C', 'Ariel', null, null);
INSERT INTO PUBLIC.PRODUCT_BLUEPRINT (PRODUCT_BLUEPRINT_ID, PRODUCT_BLUEPRINT_NAME, DESCRIPTION, MANUFACTURER, IMG_PATH, MODIFICATION_DATE)
VALUES (15, 'Ariel Proszek Do Prania Color 4prania/300g', 'Ariel Color proszek do prania 300G/4 prania, pozostawia przyjemny zapach świeżości', 'Ariel', null, null);


INSERT INTO PUBLIC.PRODUCT (PRODUCT_ID, PRODUCT_BLUEPRINT_ID, QUANTITY, USE_BY_DATE, DEAL_ID, LOCATION_ID)
VALUES (1, 1, 3, '2025-06-10', 3, 4);
INSERT INTO PUBLIC.PRODUCT (PRODUCT_ID, PRODUCT_BLUEPRINT_ID, QUANTITY, USE_BY_DATE, DEAL_ID, LOCATION_ID)
VALUES (2, 1, 1, '2024-01-29', 6, null);
INSERT INTO PUBLIC.PRODUCT (PRODUCT_ID, PRODUCT_BLUEPRINT_ID, QUANTITY, USE_BY_DATE, DEAL_ID, LOCATION_ID)
VALUES (3, 6, 3, '2040-01-01', 3, null);
INSERT INTO PUBLIC.PRODUCT (PRODUCT_ID, PRODUCT_BLUEPRINT_ID, QUANTITY, USE_BY_DATE, DEAL_ID, LOCATION_ID)
VALUES (4, 2, 1, '2026-03-06', 3, 4);
INSERT INTO PUBLIC.PRODUCT (PRODUCT_ID, PRODUCT_BLUEPRINT_ID, QUANTITY, USE_BY_DATE, DEAL_ID, LOCATION_ID)
VALUES (5, 14, 3, '2030-02-24', 1, 4);
INSERT INTO PUBLIC.PRODUCT (PRODUCT_ID, PRODUCT_BLUEPRINT_ID, QUANTITY, USE_BY_DATE, DEAL_ID, LOCATION_ID)
VALUES (6, 5, 3, '2029-10-17', 6, null);
INSERT INTO PUBLIC.PRODUCT (PRODUCT_ID, PRODUCT_BLUEPRINT_ID, QUANTITY, USE_BY_DATE, DEAL_ID, LOCATION_ID)
VALUES (7, 8, 2, '2024-05-21', 3, 4);


INSERT INTO PUBLIC.BARCODE (BARCODE_ID, CODE, TYPE, PRODUCT_BLUEPRINT_ID, FOOD_PRODUCT_BLUEPRINT_ID)
VALUES (1, '5903853859382', 'ean-13', null, 11); //kod kreskowy smiejzelkow
INSERT INTO PUBLIC.BARCODE (BARCODE_ID, CODE, TYPE, PRODUCT_BLUEPRINT_ID, FOOD_PRODUCT_BLUEPRINT_ID)
VALUES (2, '5902759375928', 'ean-13', 9, null); //kod kreskowy na papier toaletowy regina
INSERT INTO PUBLIC.BARCODE (BARCODE_ID, CODE, TYPE, PRODUCT_BLUEPRINT_ID, FOOD_PRODUCT_BLUEPRINT_ID)
VALUES (3, '57309583', 'lidl', null, 11); //kod kreskowy smiejzelkow z lidla (inny typ kodu kreskowego stosuja)
INSERT INTO PUBLIC.BARCODE (BARCODE_ID, CODE, TYPE, PRODUCT_BLUEPRINT_ID, FOOD_PRODUCT_BLUEPRINT_ID)
VALUES (4, '6212395333767', 'ean-13', null, 13);
INSERT INTO PUBLIC.BARCODE (BARCODE_ID, CODE, TYPE, PRODUCT_BLUEPRINT_ID, FOOD_PRODUCT_BLUEPRINT_ID)
VALUES (5, '9595662947322', 'ean-13', null, 4);
INSERT INTO PUBLIC.BARCODE (BARCODE_ID, CODE, TYPE, PRODUCT_BLUEPRINT_ID, FOOD_PRODUCT_BLUEPRINT_ID)
VALUES (6, '7591635278643', 'ean-13', 2, null);
INSERT INTO PUBLIC.BARCODE (BARCODE_ID, CODE, TYPE, PRODUCT_BLUEPRINT_ID, FOOD_PRODUCT_BLUEPRINT_ID)
VALUES (7, '6570910579125', 'ean-13', 15, null);
INSERT INTO PUBLIC.BARCODE (BARCODE_ID, CODE, TYPE, PRODUCT_BLUEPRINT_ID, FOOD_PRODUCT_BLUEPRINT_ID)
VALUES (8, '29319285', 'lidl', null, 10);
INSERT INTO PUBLIC.BARCODE (BARCODE_ID, CODE, TYPE, PRODUCT_BLUEPRINT_ID, FOOD_PRODUCT_BLUEPRINT_ID)
VALUES (9, '0468659467941', 'ean-13', null, 3);
INSERT INTO PUBLIC.BARCODE (BARCODE_ID, CODE, TYPE, PRODUCT_BLUEPRINT_ID, FOOD_PRODUCT_BLUEPRINT_ID)
VALUES (10, '9488444570037', 'ean-13', null, 8);